,IID_IID_N,IID_FID_N,FID_FID_N,FID_IID_N,IID_IID_P,IID_FID_P,FID_FID_P,FID_IID_P,snp_count,ppl_count
scz_deco_all_gb-qc.hg19.ch.fl.bgn.reid,380.0,,380.0,,117.0,,127.0,,7330822,497
scz_page_all_gb-qc.hg19.ch.fl.bgn.reid,474.0,431.0,474.0,431.0,,,,,7330822,483
scz_gapl_all_gb-qc.hg19.ch.fl.bgn.reid,,,,,,,,,7330822,256
scz_cogs_all_gb-qc.hg19.ch.fl.bgn.reid,484.0,,,,,,,,7330822,565
scz_cati_all_gb-qc.hg19.ch.fl.bgn.reid,697.0,,697.0,,,,,,7330822,715
scz_tcdn_all_gb-qc.hg19.ch.fl.bgn.reid,980.0,980.0,980.0,980.0,132.0,132.0,132.0,132.0,7330822,1021
scz_paco_all_gb-qc.hg19.ch.fl.bgn.reid,1067.0,1065.0,1067.0,1065.0,,,,,7330822,1067
scz_phrs_all_gb-qc.hg19.ch.fl.bgn.reid,50.0,,50.0,,12.0,,12.0,,7330822,55
scz_lanr_all_gb-qc.hg19.ch.fl.bgn.reid,61.0,,61.0,,59.0,,59.0,,7330822,77
scz_mfs1_all_gb-qc.hg19.ch.fl.bgn.reid,,,,,,,,,7330822,100
scz_camh_all_gb-qc.hg19.ch.fl.bgn.reid,181.0,,181.0,,178.0,,178.0,,7330822,202
scz_mcic_all_gb-qc.hg19.ch.fl.bgn.reid,,,,,,,,,7330822,150
scz_imhs_all_gb-qc.hg19.ch.fl.bgn.reid,63.0,,63.0,,94.0,,94.0,,7330822,124
scz_mts1_all_gb-qc.hg19.ch.fl.bgn.reid,,,,,,,,,7330822,90
scz_nefs_all_gb-qc.hg19.ch.fl.bgn.reid,135.0,,135.0,,148.0,,148.0,,7330822,235
scz_cida_all_gb-qc.hg19.ch.fl.bgn.reid,166.0,4.0,166.0,4.0,97.0,6.0,97.0,6.0,7330822,196
scz_imh4_all_gb-qc.hg19.ch.fl.bgn.reid,207.0,,207.0,,,,,,7330822,210
scz_umcu_all_gb-qc.hg19.ch.fl.bgn.reid,465.0,,,,425.0,,,,7330822,504
